StudentID|StudentName|StudentAddress|StudentPhone
16120528 8531|Akeem Ayers|P.O. Box 862, 5008 Donec Rd.|297-144-8036
16471229 5254|Burke Walsh|Ap #464-3954 Eu Ave|990-416-4792
16440914 3361|Pearl Richards|246-8476 Consectetuer, Ave|217-282-0356
16950411 4324|Dacey William|P.O. Box 631, 3647 Quis St.|542-813-3661
16390119 3619|Noble Gordon|382-4454 Dui. Street|876-134-1693
16450501 4235|Thaddeus Patel|P.O. Box 956, 5513 Feugiat St.|219-356-7616
16340101 8431|Steel Barber|622-735 Tincidunt, St.|193-478-6618
16710828 1028|Josiah Gross|8770 Neque. St.|728-751-8202
16601114 0396|Fatima Pace|924-9348 Arcu. Avenue|488-163-6464
16170717 3439|Odessa Sanford|P.O. Box 628, 6526 Iaculis Road|880-166-5164
16571103 0493|Ivana Robertson|2818 Amet, Avenue|613-290-7681
16031029 7239|Kellie Ray|5718 Vel Rd.|251-689-4198
16920902 7060|Jael Moore|711-2760 Urna Rd.|854-227-3837
16570302 2334|Jael Arnold|9174 Ac St.|252-716-2484
16290803 3224|Melvin Howe|265-2370 Sed, St.|969-706-5929
16280818 8268|Octavius Mathis|1291 Duis Road|514-872-3665
16801115 4849|Brennan Warner|P.O. Box 862, 8981 Purus, Street|301-922-2660
16300530 6232|Henry Goodwin|P.O. Box 557, 8019 In Rd.|904-107-9567
16981204 2035|Clio Craft|9226 Etiam Street|871-949-0682
16740817 4022|Gloria Rutledge|8328 Est St.|640-290-7445
16451207 6979|Lesley Vance|Ap #305-7505 Amet Av.|939-394-8873
16790302 5596|Yvonne Ellison|8657 Donec Road|173-839-2368
16110610 4639|Ginger Bryant|Ap #275-2797 Auctor Rd.|259-537-9012
16121210 7252|Wilma Barr|Ap #296-786 Volutpat Ave|236-422-7836
16990522 0548|Jack Chang|6774 Nisi Av.|335-890-8061
16080612 7445|Dakota Mcleod|492 Netus St.|847-541-2123
16140127 3808|Hayfa Parsons|P.O. Box 157, 6319 Duis St.|805-756-0283
16101112 4326|Kylee Baker|P.O. Box 933, 4898 Ligula. Rd.|411-624-8214
16150819 9112|Harrison Alexander|732-3977 Quis, St.|420-902-0736
16451005 4440|Chloe Casey|Ap #827-9341 In, Road|431-602-4017
16980226 1421|Kadeem Osborne|P.O. Box 456, 4867 Lorem Street|907-923-4205
16230925 8362|Harrison Cardenas|772-6648 Metus. Avenue|670-226-5884
16180408 9603|Faith Savage|P.O. Box 146, 2964 Consequat Rd.|233-199-4035
16310908 0717|Noble Mejia|227-8904 Suspendisse Ave|399-246-1022
16600108 8621|Yoko Vincent|813-5879 Ornare Road|870-185-6572
16861014 9844|Yvette Chase|248 Phasellus St.|340-160-2752
16401230 1950|Beck Ryan|P.O. Box 698, 1070 Vestibulum St.|670-142-9570
16380223 8653|Timon Gaines|P.O. Box 349, 2017 Dolor Rd.|971-333-5377
16891128 5404|Samson Carpenter|4176 Ridiculus St.|128-388-4676
16040630 1812|Frances Potts|P.O. Box 917, 5228 Sed Road|111-417-5363
16710519 7094|Chaney Love|5713 Enim St.|656-805-7690
16901116 4119|Deacon Rutledge|Ap #679-8613 Cras St.|160-444-9308
16860705 0930|Alfonso White|731-4101 Posuere, St.|186-165-6569
16410328 9007|Samuel Oneill|P.O. Box 986, 2233 Augue Rd.|547-367-4986
16950918 9057|Sade Lynch|961-2149 Mollis. St.|593-867-4401
16431212 3914|Vielka Michael|1189 Elementum Ave|237-411-8667
16170324 4622|Jacob Pickett|Ap #733-2503 Est Av.|774-320-5137
16211112 7805|Thaddeus Buckley|Ap #946-1403 Sed Street|471-311-2432
16291019 3669|Allen Wolf|413-6403 Pellentesque Rd.|602-267-6855
16250819 0150|Joelle Underwood|879-2570 Dictum St.|130-206-3739
16951225 0789|Wanda Pruitt|795-1010 Diam Rd.|357-138-5036
16870210 9235|Jessica Bird|5134 Egestas Ave|579-569-5689
16200716 7741|Gage Mayo|P.O. Box 656, 5833 Lorem, Rd.|365-708-2718
16101022 8508|Blake Mcconnell|Ap #262-3775 Ut Ave|934-250-3852
16180203 1680|Dorian Fleming|9540 Dui St.|563-782-0639
16430230 3955|Chancellor Bryan|Ap #998-8022 Ut, Ave|280-153-3966
16870903 1523|Sonia Wolfe|948-2973 Natoque Rd.|822-963-9077
16780420 1767|Sebastian Higgins|886-3196 Cras St.|675-910-9033
16830715 6227|Amir Bridges|589-9593 Aliquam Ave|549-606-2253
16781204 3052|Lois Mcfarland|P.O. Box 166, 1176 Elit Street|409-534-0886
16560621 0325|Daria Bishop|P.O. Box 576, 9278 Inceptos Av.|918-423-1774
16041218 7999|Renee Ward|Ap #570-4479 Ac, Rd.|838-593-3420
16710412 0642|Kennedy Melton|686-3815 Sapien, Ave|656-254-7905
16630402 4877|Ivana Barlow|5118 Nec Rd.|497-463-7945
16310317 4342|Zenaida Dillard|8191 Eu, Street|143-624-4375
16560104 4364|Naomi Case|820-1507 Ut Rd.|105-662-0900
16120206 6666|Francesca Sellers|7902 Fringilla. Av.|722-303-8835
16330102 0800|Octavia Bush|P.O. Box 366, 4629 Vel Rd.|703-443-3645
16290113 3443|Danielle Shields|P.O. Box 145, 7987 Amet Rd.|549-465-0284
16611123 9296|Ivor Ray|Ap #407-5226 Hendrerit Rd.|940-592-0490
16880316 1531|Silas Anderson|P.O. Box 728, 9445 Lacus, Rd.|372-335-4729
16580226 7905|Meredith Tate|4941 Lectus St.|572-139-0959
16720716 9041|Karly Gillespie|9318 Montes, St.|240-304-8839
16790403 4761|Paloma Holland|P.O. Box 641, 6542 Sit Road|242-711-1818
16541119 8780|Veda Wong|Ap #137-9248 Aenean Rd.|327-447-2297
16191211 4335|Derek Newman|8742 Nunc St.|527-771-4514
16091204 1506|Ferdinand Solis|785-1098 Aliquam Rd.|441-264-8828
16860608 3619|Matthew Schneider|Ap #310-4106 Elementum Ave|219-529-6701
16671118 9263|Nissim Hopper|P.O. Box 346, 819 Lectus Road|292-981-7312
16800503 5145|Remedios Franklin|Ap #371-4101 Egestas. Rd.|956-511-8414
16031021 9563|Sebastian Lott|Ap #879-368 Eleifend, Rd.|415-806-4258
16850910 4538|Anastasia Kerr|P.O. Box 258, 7718 Semper Street|816-755-6220
16550830 5579|Lester Walters|340-1871 Et, St.|183-890-0037
16970301 9951|Kelsie Palmer|816-3976 Ut, Av.|290-219-8908
16330822 2847|Darryl Mcdowell|Ap #382-3345 Nec, St.|889-381-6632
16950816 1859|Brett May|4903 Duis Street|450-339-1006
16100406 9272|Vivien Joyce|Ap #112-9193 Luctus, St.|854-117-3987
16350418 7240|Fredericka Walls|Ap #764-9403 Aenean St.|437-631-1970
16660517 4306|Holly Colon|1044 Tristique St.|347-861-0948
16181002 7464|Flynn Reilly|728-140 A Road|865-868-4348
16211002 7949|Irene Oneil|653-1711 Lacinia Street|594-135-6070
16440113 6355|Ferris Stevens|790-3093 Elit, Ave|866-940-6850
16400422 2404|Libby Dyer|7449 Pharetra Avenue|659-245-8708
16360113 0267|Leah Pace|P.O. Box 514, 8788 Montes, Rd.|182-760-4143
16360616 7629|Bo Koch|967-6128 Ullamcorper, Street|523-374-9449
16601106 8621|Sophia Bass|908-5222 Dui. Rd.|725-112-6659
16261114 2619|Basil Camacho|553 Metus Ave|389-731-5295
16110624 2595|Cedric Foster|P.O. Box 739, 7310 Elit, St.|216-636-6432
16641120 6086|Ulysses Nieves|445-5676 Hendrerit St.|339-552-4189
16420729 0471|Keaton Gentry|401-9006 Dignissim Avenue|385-359-4050